Mozilla/5.0 (Windows NT 6.1; WOW64; rv:54.0) Gecko/20100101 Firefox/54.0
Mozilla/5.0 (Windows NT 6.1; WOW64; rv:40.0) Gecko/20100101 Firefox/40.1
Mozilla/5.0 (Windows NT 5.1; rv:36.0) Gecko/20100101 Firefox/36.0
Mozilla/5.0 (Windows NT 5.1; rv:33.0) Gecko/20100101 Firefox/33.0
Mozilla/5.0 (Windows NT 10.0; Win64; x64; rv:66.0) Gecko/20100101 Firefox/66.0
Mozilla/5.0 (Windows NT 10.0; WOW64; rv:50.0) Gecko/20100101 Firefox/50.0
Mozilla/5.0 (Windows NT 10.0; WOW64; rv:52.0) Gecko/20100101 Firefox/52.0
Mozilla/5.0 (Windows NT 10.0; Win64; x64; rv:67.0) Gecko/20100101 Firefox/67.0
Mozilla/5.0 (Windows NT 6.1; WOW64; rv:50.0) Gecko/20100101 Firefox/50.0
Mozilla/5.0 (Windows NT 10.0; Win64; x64; rv:61.0) Gecko/20100101 Firefox/61.0
Mozilla/5.0 (Windows NT 6.1; WOW64; rv:43.0) Gecko/20100101 Firefox/43.0
Mozilla/5.0 (Windows NT 6.0; rv:34.0) Gecko/20100101 Firefox/34.0
Mozilla/5.0 (Windows NT 10.0; WOW64; rv:54.0) Gecko/20100101 Firefox/54.0
Mozilla/5.0 (Windows NT 6.1; WOW64; rv:52.0) Gecko/20100101 Firefox/52.0
Mozilla/5.0 (Windows NT 10.0; Win64; x64; rv:63.0) Gecko/20100101 Firefox/63.0
Mozilla/5.0 (Windows NT 10.0; Win64; x64; rv:65.0) Gecko/20100101 Firefox/65.0
Mozilla/5.0 (Windows NT 6.1; Win64; x64; rv:57.0) Gecko/20100101 Firefox/57.0
Mozilla/5.0 (Windows NT 5.1; rv:40.0) Gecko/20100101 Firefox/40.0
Mozilla/5.0 (Windows NT 10.0; Win64; x64; rv:57.0) Gecko/20100101 Firefox/57.0
Mozilla/5.0 (Windows NT 6.1; WOW64; rv:42.0) Gecko/20100101 Firefox/42.0
Mozilla/5.0 (Windows NT 6.3; Win64; x64; rv:73.0) Gecko/20100101 Firefox/73.0
Mozilla/5.0 (Windows NT 6.1; Win64; x64; rv:61.0) Gecko/20100101 Firefox/61.0
Mozilla/5.0 (Windows NT 10.0; Win64; x64; rv:60.0) Gecko/20100101 Firefox/60.0
Mozilla/5.0 (Windows NT 10.0; Win64; x64; rv:59.0) Gecko/20100101 Firefox/59.0
Mozilla/5.0 (Windows NT 5.1; rv:30.0) Gecko/20100101 Firefox/30.0
Mozilla/5.0 (Windows NT 6.1; rv:52.0) Gecko/20100101 Firefox/52.0
Mozilla/5.0 (Windows NT 6.1; WOW64; rv:38.0) Gecko/20100101 Firefox/38.0
Mozilla/5.0 (Windows NT 6.1; WOW64; rv:47.0) Gecko/20100101 Firefox/47.0
Mozilla/5.0 (Windows NT 6.1; WOW64; rv:41.0) Gecko/20100101 Firefox/41.0
Mozilla/5.0 (Windows NT 10.0; Win64; x64; rv:62.0) Gecko/20100101 Firefox/62.0
Mozilla/5.0 (Windows NT 6.1; WOW64; rv:45.0) Gecko/20100101 Firefox/45.0
Mozilla/5.0 (Windows NT 10.0; Win64; x64; rv:58.0) Gecko/20100101 Firefox/58.0
Mozilla/5.0 (Windows NT 6.1; WOW64; rv:44.0) Gecko/20100101 Firefox/44.0
Mozilla/5.0 (Windows NT 6.1; Win64; x64; rv:58.0) Gecko/20100101 Firefox/58.0
Mozilla/5.0 (Windows NT 6.3; WOW64; rv:57.0) Gecko/20100101 Firefox/57.0
Mozilla/5.0 (Windows NT 6.1; Win64; x64; rv:63.0) Gecko/20100101 Firefox/63.0
Mozilla/5.0 (Windows NT 6.3; Win64; x64; rv:58.0) Gecko/20100101 Firefox/58.0
Mozilla/5.0 (Windows NT 10.0; Win64; x64; rv:73.0) Gecko/20100101 Firefox/73.0
Mozilla/5.0 (Windows NT 5.1; rv:52.0) Gecko/20100101 Firefox/52.0
Mozilla/5.0 (Windows NT 6.3; WOW64; rv:63.0) Gecko/20100101 Firefox/63.0
Mozilla/5.0 (Windows NT 10.0; Win64; x64; rv:71.0) Gecko/20100101 Firefox/71.0
Mozilla/5.0 (Windows NT 10.0; WOW64; rv:51.0) Gecko/20100101 Firefox/51.0
Mozilla/5.0 (Windows NT 10.0; Win64; x64; rv:72.0) Gecko/20100101 Firefox/72.0
Mozilla/5.0 (Windows NT 10.0; Win64; x64; rv:70.0) Gecko/20100101 Firefox/70.0
Mozilla/5.0 (Windows NT 10.0; WOW64; rv:47.0) Gecko/20100101 Firefox/47.0
Mozilla/5.0 (Windows NT 6.1; Win64; x64; rv:60.0) Gecko/20100101 Firefox/60.0
Mozilla/5.0 (Windows NT 6.1; WOW64; rv:36.0) Gecko/20100101 Firefox/36.0
Mozilla/5.0 (Windows NT 5.1; rv:43.0) Gecko/20100101 Firefox/43.0
Mozilla/5.0 (Windows NT 6.1; WOW64; rv:46.0) Gecko/20100101 Firefox/46.0
Mozilla/5.0 (Windows NT 6.1; Win64; x64; rv:59.0) Gecko/20100101 Firefox/59.0
Mozilla/5.0 (Windows NT 10.0; WOW64; rv:65.0) Gecko/20100101 Firefox/65.0
Mozilla/5.0 (Windows NT 6.1; WOW64; rv:39.0) Gecko/20100101 Firefox/39.0
Mozilla/5.0 (Windows NT 6.1; WOW64; rv:40.0) Gecko/20100101 Firefox/40.0
Mozilla/5.0 (Windows NT 10.0; Win64; x64; rv:68.0) Gecko/20100101 Firefox/68.0
Mozilla/5.0 (Windows NT 5.1; rv:32.0) Gecko/20100101 Firefox/32.0
Mozilla/5.0 (Windows NT 5.1; rv:42.0) Gecko/20100101 Firefox/42.0
Mozilla/5.0 (Windows NT 6.1; Win64; x64; rv:62.0) Gecko/20100101 Firefox/62.0
Mozilla/5.0 (Windows NT 10.0; WOW64; rv:48.0) Gecko/20100101 Firefox/48.0
Mozilla/5.0 (Windows NT 6.3; WOW64; rv:50.0) Gecko/20100101 Firefox/50.0
Mozilla/5.0 (Windows NT 10.0; Win64; x64; rv:69.0) Gecko/20100101 Firefox/69.0
Mozilla/5.0 (Windows NT 10.0; Win64; x64; rv:74.0) Gecko/20100101 Firefox/74.0
Mozilla/5.0 (Windows NT 10.0; WOW64; rv:49.0) Gecko/20100101 Firefox/49.0
Mozilla/5.0 (Windows NT 10.0; WOW64; rv:53.0) Gecko/20100101 Firefox/53.0
Mozilla/5.0 (Windows NT 6.1; WOW64; rv:53.0) Gecko/20100101 Firefox/53.0
Mozilla/5.0 (Windows NT 6.1; WOW64; rv:35.0) Gecko/20100101 Firefox/35.0
Mozilla/5.0 (Windows NT 6.3; WOW64; rv:58.0) Gecko/20100101 Firefox/58.0
Mozilla/5.0 (Windows NT 10.0; WOW64; rv:56.0) Gecko/20100101 Firefox/56.0
Mozilla/5.0 (Windows NT 6.3; WOW64; rv:39.0) Gecko/20100101 Firefox/39.0
Mozilla/5.0 (Windows NT 6.1; rv:42.0) Gecko/20100101 Firefox/42.0
Mozilla/5.0 (Windows NT 6.1; WOW64; rv:51.0) Gecko/20100101 Firefox/51.0
Mozilla/5.0 (Windows NT 6.3; WOW64; rv:52.0) Gecko/20100101 Firefox/52.0
Mozilla/5.0 (Windows NT 6.1; WOW64; rv:49.0) Gecko/20100101 Firefox/49.0
Mozilla/5.0 (Windows NT 6.1; WOW64; rv:37.0) Gecko/20100101 Firefox/37.0
Mozilla/5.0 (Windows NT 6.3; WOW64; rv:43.0) Gecko/20100101 Firefox/43.0
Mozilla/5.0 (Windows NT 10.0; WOW64; rv:43.0) Gecko/20100101 Firefox/43.0
Mozilla/5.0 (Windows NT 6.1; WOW64; rv:56.0) Gecko/20100101 Firefox/56.0
Mozilla/5.0 (Windows NT 6.1; WOW64; rv:33.0) Gecko/20100101 Firefox/33.0
Mozilla/5.0 (Windows NT 6.1; WOW64; rv:48.0) Gecko/20100101 Firefox/48.0
Mozilla/5.0 (Windows NT 6.1; WOW64; rv:32.0) Gecko/20100101 Firefox/32.0
Mozilla/5.0 (Windows NT 6.1; rv:43.0) Gecko/20100101 Firefox/43.0
Mozilla/5.0 (Windows NT 10.0; rv:65.0) Gecko/20100101 Firefox/65.0
Mozilla/5.0 (Windows NT 6.1; WOW64; rv:34.0) Gecko/20100101 Firefox/34.0
Mozilla/5.0 (Windows NT 6.3; WOW64; rv:42.0) Gecko/20100101 Firefox/42.0
Mozilla/5.0 (Windows NT 6.3; WOW64; rv:51.0) Gecko/20100101 Firefox/51.0
Mozilla/5.0 (Windows NT 10.0; WOW64; rv:45.0) Gecko/20100101 Firefox/45.0
Mozilla/5.0 (Windows NT 10.0; Win64; x64; rv:56.0) Gecko/20100101 Firefox/56.0
Mozilla/5.0 (Windows NT 6.1; rv:57.0) Gecko/20100101 Firefox/57.0
Mozilla/5.0 (Windows NT 5.1; rv:41.0) Gecko/20100101 Firefox/41.0
Mozilla/5.0 (Windows NT 6.1; rv:34.0) Gecko/20100101 Firefox/34.0
Mozilla/5.0 (Windows NT 6.3; WOW64; rv:41.0) Gecko/20100101 Firefox/41.0
Mozilla/5.0 (Windows NT 6.1; WOW64; rv:31.0) Gecko/20100101 Firefox/31.0
Mozilla/5.0 (Windows NT 10.0; WOW64; rv:59.0) Gecko/20100101 Firefox/59.0
Mozilla/5.0 (Windows NT 10.0; WOW64; rv:55.0) Gecko/20100101 Firefox/55.0
Mozilla/5.0 (Windows NT 6.1; rv:45.0) Gecko/20100101 Firefox/45.0
Mozilla/5.0 (Windows NT 6.3; WOW64; rv:54.0) Gecko/20100101 Firefox/54.0
Mozilla/5.0 (Windows NT 6.3; Win64; x64; rv:57.0) Gecko/20100101 Firefox/57.0
Mozilla/5.0 (Windows NT 6.1; WOW64; rv:55.0) Gecko/20100101 Firefox/55.0
Mozilla/5.0 (Windows NT 10.0; Win64; x64; rv:64.0) Gecko/20100101 Firefox/64.0
Mozilla/5.0 (Windows NT 6.3; WOW64; rv:47.0) Gecko/20100101 Firefox/47.0
Mozilla/5.0 (Windows NT 10.0; Win64; x64; rv:40.0) Gecko/20100101 Firefox/40.0
Mozilla/5.0 (Windows NT 6.1; rv:38.0) Gecko/20100101 Firefox/38.0
Mozilla/5.0 (Windows NT 6.1; Win64; x64; rv:67.0) Gecko/20100101 Firefox/67.0
Mozilla/5.0 (Windows NT 10.0; WOW64; rv:42.0) Gecko/20100101 Firefox/42.0
Mozilla/5.0 (Windows NT 6.1; Win64; x64; rv:56.0) Gecko/20100101 Firefox/56.0
Mozilla/5.0 (Windows NT 6.3; WOW64; rv:44.0) Gecko/20100101 Firefox/44.0
Mozilla/5.0 (Windows NT 5.1; rv:45.0) Gecko/20100101 Firefox/45.0
Mozilla/5.0 (Windows NT 6.1; WOW64; rv:59.0) Gecko/20100101 Firefox/59.0
Mozilla/5.0 (Windows NT 10.0; WOW64; rv:44.0) Gecko/20100101 Firefox/44.0
Mozilla/5.0 (Windows NT 6.1; rv:60.0) Gecko/20100101 Firefox/60.0
Mozilla/5.0 (Windows NT 6.1; rv:61.0) Gecko/20100101 Firefox/61.0
Mozilla/5.0 (Windows NT 6.1; rv:58.0) Gecko/20100101 Firefox/58.0
Mozilla/5.0 (Windows NT 6.3; WOW64; rv:36.0) Gecko/20100101 Firefox/36.0
Mozilla/5.0 (Windows NT 6.1; rv:53.0) Gecko/20100101 Firefox/53.0
Mozilla/5.0 (Windows NT 6.3; WOW64; rv:38.0) Gecko/20100101 Firefox/38.0
Mozilla/5.0 (Windows NT 6.1; rv:31.0) Gecko/20100101 Firefox/31.0
Mozilla/5.0 (Windows NT 6.1; Win64; x64; rv:66.0) Gecko/20100101 Firefox/66.0
Mozilla/5.0 (Windows NT 6.0; rv:52.0) Gecko/20100101 Firefox/52.0
Mozilla/5.0 (Windows NT 6.0; WOW64; rv:52.0) Gecko/20100101 Firefox/52.0
Mozilla/5.0 (Windows NT 10.0; WOW64; rv:46.0) Gecko/20100101 Firefox/46.0
Mozilla/5.0 (Windows NT 6.3; WOW64; rv:61.0) Gecko/20100101 Firefox/61.0
Mozilla/5.0 (Windows NT 6.1; rv:63.0) Gecko/20100101 Firefox/63.0
Mozilla/5.0 (Windows NT 6.1; rv:40.0) Gecko/20100101 Firefox/40.0
Mozilla/5.0 (Windows NT 6.1; rv:35.0) Gecko/20100101 Firefox/35.0
Mozilla/5.0 (Windows NT 6.2; WOW64; rv:52.0) Gecko/20100101 Firefox/52.0
Mozilla/5.0 (Windows NT 6.1; Win64; x64; rv:71.0) Gecko/20100101 Firefox/71.0
Mozilla/5.0 (Windows NT 6.3; WOW64; rv:46.0) Gecko/20100101 Firefox/46.0
Mozilla/5.0 (Windows NT 6.3; WOW64; rv:40.0) Gecko/20100101 Firefox/40.0
Mozilla/5.0 (Windows NT 6.3; WOW64; rv:53.0) Gecko/20100101 Firefox/53.0
Mozilla/5.0 (Windows NT 6.1; rv:41.0) Gecko/20100101 Firefox/41.0
Mozilla/5.0 (Windows NT 6.1; rv:47.0) Gecko/20100101 Firefox/47.0
Mozilla/5.0 (Windows NT 6.3; WOW64; rv:49.0) Gecko/20100101 Firefox/49.0
Mozilla/5.0 (Windows NT 6.3; Win64; x64; rv:63.0) Gecko/20100101 Firefox/63.0
Mozilla/5.0 (Windows NT 6.1; rv:50.0) Gecko/20100101 Firefox/50.0
Mozilla/5.0 (Windows NT 10.0; WOW64; rv:41.0) Gecko/20100101 Firefox/41.0
Mozilla/5.0 (Windows NT 5.1; WOW64; rv:52.0) Gecko/20100101 Firefox/52.0
Mozilla/5.0 (Windows NT 6.2; WOW64; rv:50.0) Gecko/20100101 Firefox/50.0
Mozilla/5.0 (Windows NT 6.1; rv:59.0) Gecko/20100101 Firefox/59.0
Mozilla/5.0 (Windows NT 6.1; Win64; x64; rv:70.0) Gecko/20100101 Firefox/70.0
Mozilla/5.0 (Windows NT 6.3; WOW64; rv:45.0) Gecko/20100101 Firefox/45.0
Mozilla/5.0 (Windows NT 6.1; rv:44.0) Gecko/20100101 Firefox/44.0
Mozilla/5.0 (Windows NT 6.1; Win64; x64; rv:72.0) Gecko/20100101 Firefox/72.0
Mozilla/5.0 (Windows NT 6.3; WOW64; rv:35.0) Gecko/20100101 Firefox/35.0
Mozilla/5.0 (Windows NT 6.3; WOW64; rv:59.0) Gecko/20100101 Firefox/59.0
Mozilla/5.0 (Windows NT 6.1; rv:54.0) Gecko/20100101 Firefox/54.0
Mozilla/5.0 (Windows NT 6.0; WOW64; rv:50.0) Gecko/20100101 Firefox/50.0
Mozilla/5.0 (Windows NT 5.1; WOW64; rv:50.0) Gecko/20100101 Firefox/50.0
Mozilla/5.0 (Windows NT 6.1; Win64; x64; rv:73.0) Gecko/20100101 Firefox/73.0
Mozilla/5.0 (Windows NT 6.3; WOW64; rv:56.0) Gecko/20100101 Firefox/56.0
Mozilla/5.0 (Windows NT 10.0; WOW64; rv:60.0) Gecko/20100101 Firefox/60.0
Mozilla/5.0 (Windows NT 6.3; WOW64; rv:37.0) Gecko/20100101 Firefox/37.0
Mozilla/5.0 (Windows NT 6.0; rv:43.0) Gecko/20100101 Firefox/43.0
Mozilla/5.0 (Windows NT 6.1; rv:32.0) Gecko/20100101 Firefox/32.0
Mozilla/5.0 (Windows NT 6.3; Win64; x64; rv:61.0) Gecko/20100101 Firefox/61.0
Mozilla/5.0 (Windows NT 6.3; WOW64; rv:62.0) Gecko/20100101 Firefox/62.0
Mozilla/5.0 (Windows NT 6.1; rv:51.0) Gecko/20100101 Firefox/51.0
Mozilla/5.0 (Windows NT 6.1; rv:39.0) Gecko/20100101 Firefox/39.0
Mozilla/5.0 (Windows NT 6.1; rv:36.0) Gecko/20100101 Firefox/36.0
Mozilla/5.0 (Windows NT 6.1; rv:33.0) Gecko/20100101 Firefox/33.0
Mozilla/5.0 (Windows NT 6.1; rv:56.0) Gecko/20100101 Firefox/56.0
Mozilla/5.0 (Windows NT 6.3; Win64; x64; rv:59.0) Gecko/20100101 Firefox/59.0
Mozilla/5.0 (Windows NT 6.1; rv:49.0) Gecko/20100101 Firefox/49.0
Mozilla/5.0 (Windows NT 5.1; rv:44.0) Gecko/20100101 Firefox/44.0
Mozilla/5.0 (Windows NT 6.1; Win64; x64; rv:52.0) Gecko/20100101 Firefox/52.0
Mozilla/5.0 (Windows NT 6.1; Win64; x64; rv:68.0) Gecko/20100101 Firefox/68.0
Mozilla/5.0 (Windows NT 5.1; rv:47.0) Gecko/20100101 Firefox/47.0
Mozilla/5.0 (Windows NT 6.1; Win64; x64; rv:69.0) Gecko/20100101 Firefox/69.0
Mozilla/5.0 (Windows NT 5.1; rv:46.0) Gecko/20100101 Firefox/46.0
Mozilla/5.0 (Windows NT 6.1; WOW64; rv:60.0) Gecko/20100101 Firefox/60.0
Mozilla/5.0 (Windows NT 6.1; rv:37.0) Gecko/20100101 Firefox/37.0
Mozilla/5.0 (Windows NT 5.1; rv:38.0) Gecko/20100101 Firefox/38.0
Mozilla/5.0 (Windows NT 6.3; WOW64; rv:55.0) Gecko/20100101 Firefox/55.0
Mozilla/5.0 (Windows NT 10.0; Win64; x64; rv:48.0) Gecko/20100101 Firefox/48.0
Mozilla/5.0 (Windows NT 10.0; WOW64; rv:63.0) Gecko/20100101 Firefox/63.0
Mozilla/5.0 (Windows NT 6.3; Win64; x64; rv:49.0) Gecko/20100101 Firefox/49.0
Mozilla/5.0 (Windows NT 5.1; rv:35.0) Gecko/20100101 Firefox/35.0
Mozilla/5.0 (Windows NT 6.1; WOW64; rv:57.0) Gecko/20100101 Firefox/57.0
Mozilla/5.0 (Windows NT 6.3; Win64; x64; rv:60.0) Gecko/20100101 Firefox/60.0
Mozilla/5.0 (Windows NT 10.0; WOW64; rv:40.0) Gecko/20100101 Firefox/40.0
Mozilla/5.0 (Windows NT 6.3; Win64; x64; rv:70.0) Gecko/20100101 Firefox/70.0
Mozilla/5.0 (Windows NT 6.1; WOW64; rv:61.0) Gecko/20100101 Firefox/61.0
Mozilla/5.0 (Windows NT 6.0; rv:42.0) Gecko/20100101 Firefox/42.0
Mozilla/5.0 (Windows NT 6.3; WOW64; rv:33.0) Gecko/20100101 Firefox/33.0
Mozilla/5.0 (Windows NT 6.3; WOW64; rv:34.0) Gecko/20100101 Firefox/34.0
Mozilla/5.0 (Windows NT 6.1; rv:62.0) Gecko/20100101 Firefox/62.0
Mozilla/5.0 (Windows NT 6.1; rv:46.0) Gecko/20100101 Firefox/46.0
Mozilla/5.0 (Windows NT 6.3; Win64; x64; rv:74.0) Gecko/20100101 Firefox/74.0
Mozilla/5.0 (Windows NT 10.0; Win64; x64; rv:52.0) Gecko/20100101 Firefox/52.0
Mozilla/5.0 (Windows NT 6.3; WOW64; rv:32.0) Gecko/20100101 Firefox/32.0
Mozilla/5.0 (Windows NT 10.0; WOW64; rv:68.0) Gecko/20100101 Firefox/68.0
Mozilla/5.0 (Windows NT 5.1; rv:37.0) Gecko/20100101 Firefox/37.0
Mozilla/5.0 (Windows NT 6.1; WOW64; rv:63.0) Gecko/20100101 Firefox/63.0
Mozilla/5.0 (Windows NT 6.3; Win64; x64; rv:62.0) Gecko/20100101 Firefox/62.0
Mozilla/5.0 (Windows NT 10.0; Win64; x64; rv:55.0) Gecko/20100101 Firefox/55.0
Mozilla/5.0 (Windows NT 5.1; rv:50.0) Gecko/20100101 Firefox/50.0
Mozilla/5.0 (Windows NT 5.1; rv:39.0) Gecko/20100101 Firefox/39.0
Mozilla/5.0 (Windows 10; WOW64; rv:41.0) Gecko/20100101 Firefox/41.0
Mozilla/5.0 (Windows NT 10.0; Win64; x64; rv:50.0) Gecko/20100101 Firefox/50.0
Mozilla/5.0 (Windows NT 10.0; Win64; x64; rv:75.0) Gecko/20100101 Firefox/75.0
Mozilla/5.0 (Windows NT 6.1; Win64; x64; rv:64.0) Gecko/20100101 Firefox/64.0
Mozilla/5.0 (Windows NT 6.1; rv:48.0) Gecko/20100101 Firefox/48.0
Mozilla/5.0 (Windows NT 10.0; rv:68.0) Gecko/20100101 Firefox/68.0
Mozilla/5.0 (Windows NT 6.1; Win64; x64; rv:74.0) Gecko/20100101 Firefox/74.0
Mozilla/5.0 (Windows NT 6.3; WOW64; rv:48.0) Gecko/20100101 Firefox/48.0
Mozilla/5.0 (Windows NT 10.0; Win64; x64; rv:54.0) Gecko/20100101 Firefox/54.0
Mozilla/5.0 (Windows NT 5.1; WOW64; rv:54.0) Gecko/20100101 Firefox/54.0
Mozilla/5.0 (Windows NT 5.1; rv:49.0) Gecko/20100101 Firefox/49.0
Mozilla/5.0 (Windows NT 5.1; rv:34.0) Gecko/20100101 Firefox/34.0
Mozilla/5.0 (Windows NT 5.1; rv:31.0) Gecko/20100101 Firefox/31.0
Mozilla/5.0 (Windows NT 6.0; WOW64; rv:54.0) Gecko/20100101 Firefox/54.0
Mozilla/5.0 (Windows NT 10.0; rv:63.0) Gecko/20100101 Firefox/63.0
Mozilla/5.0 (Windows NT 6.1; rv:55.0) Gecko/20100101 Firefox/55.0
Mozilla/5.0 (Windows NT 5.1; rv:51.0) Gecko/20100101 Firefox/51.0
Mozilla/5.0 (Windows NT 10.0; Win64; x64; rv:53.0) Gecko/20100101 Firefox/53.0
Mozilla/5.0 (Windows NT 6.3; WOW64; rv:60.0) Gecko/20100101 Firefox/60.0
Mozilla/5.0 (Windows NT 6.1; Win64; x64; rv:45.0) Gecko/20100101 Firefox/45.0
Mozilla/5.0 (Windows NT 6.2; WOW64; rv:41.0) Gecko/20100101 Firefox/41.0
Mozilla/5.0 (Windows NT 10.0; WOW64; rv:61.0) Gecko/20100101 Firefox/61.0
Mozilla/5.0 (Windows NT 10.0; WOW64; rv:66.0) Gecko/20100101 Firefox/66.0
Mozilla/5.0 (Windows NT 6.2; WOW64; rv:59.0) Gecko/20100101 Firefox/59.0
Mozilla/5.0 (Windows NT 6.1; Win64; x64; rv:65.0) Gecko/20100101 Firefox/65.0
Mozilla/5.0 (Windows NT 6.1; WOW64; rv:30.0) Gecko/20100101 Firefox/30.0
Mozilla/5.0 (Windows NT 6.2; WOW64; rv:46.0) Gecko/20100101 Firefox/46.0
Mozilla/5.0 (Windows NT 10.0; rv:61.0) Gecko/20100101 Firefox/61.0
Mozilla/5.0 (Windows NT 6.0; WOW64; rv:41.0) Gecko/20100101 Firefox/41.0
Mozilla/5.0 (Windows NT 5.1; WOW64; rv:59.0) Gecko/20100101 Firefox/59.0
Mozilla/5.0 (Windows NT 6.0; WOW64; rv:59.0) Gecko/20100101 Firefox/59.0
Mozilla/5.0 (Windows NT 6.2; WOW64; rv:54.0) Gecko/20100101 Firefox/54.0
Mozilla/5.0 (Windows NT 5.1; WOW64; rv:46.0) Gecko/20100101 Firefox/46.0
Mozilla/5.0 (Windows NT 5.1; WOW64; rv:41.0) Gecko/20100101 Firefox/41.0
Mozilla/5.0 (Windows NT 6.2; WOW64; rv:44.0) Gecko/20100101 Firefox/44.0
Mozilla/5.0 (Windows NT 6.1; WOW64; rv:68.0) Gecko/20100101 Firefox/68.0
Mozilla/5.0 (Windows NT 6.1; WOW64; rv:58.0) Gecko/20100101 Firefox/58.0
Mozilla/5.0 (Windows NT 6.0; WOW64; rv:46.0) Gecko/20100101 Firefox/46.0
Mozilla/5.0 (Windows NT 6.3; Win64; x64; rv:56.0) Gecko/20100101 Firefox/56.0
Mozilla/5.0 (Windows NT 6.2; WOW64; rv:48.0) Gecko/20100101 Firefox/48.0
Mozilla/5.0 (Windows NT 6.2; WOW64; rv:39.0) Gecko/20100101 Firefox/39.0
Mozilla/5.0 (Windows NT 10.0; WOW64; rv:57.0) Gecko/20100101 Firefox/57.0
Mozilla/5.0 (Windows NT 6.2; rv:63.0) Gecko/20100101 Firefox/63.0
Mozilla/5.0 (Windows NT 10.0; WOW64; rv:38.0) Gecko/20100101 Firefox/38.0
Mozilla/5.0 (Windows NT 6.2; rv:31.0) Gecko/20100101 Firefox/31.0
